Title,Price,Date
Men Solid Turtle Neck Poly Cotton Black T-Shirt,699,2023-10-18
Men Solid Turtle Neck Poly Cotton Black T-Shirt,699,2023-10-18
Men Solid Turtle Neck Poly Cotton Black T-Shirt,699,2023-10-18
Men Solid Turtle Neck Poly Cotton Black T-Shirt,699,2023-10-18
Men Solid Turtle Neck Poly Cotton Black T-Shirt,699,2023-10-18
Men Solid Turtle Neck Poly Cotton Black T-Shirt,699,2023-10-18
Men Solid Turtle Neck Poly Cotton Black T-Shirt,699,2023-10-18
Men Solid Turtle Neck Poly Cotton Black T-Shirt,699,2023-10-18
Men Solid Turtle Neck Poly Cotton Black T-Shirt,699,2023-10-18
Men Solid Turtle Neck Poly Cotton Black T-Shirt,699,2023-10-18
Men Solid Turtle Neck Poly Cotton Black T-Shirt,699,2023-10-18
Men Solid Turtle Neck Poly Cotton Black T-Shirt,699,2023-10-18
Men Solid Turtle Neck Poly Cotton Black T-Shirt,699,2023-10-18
Men Solid Turtle Neck Poly Cotton Black T-Shirt,699,2023-10-18
Men Solid Turtle Neck Poly Cotton Black T-Shirt,699,2023-10-18
Men Solid Turtle Neck Poly Cotton Black T-Shirt,699,2023-10-18
Men Solid Turtle Neck Poly Cotton Black T-Shirt,699,2023-10-18
Men Solid Turtle Neck Poly Cotton Black T-Shirt,699,2023-10-18
Men Solid Turtle Neck Poly Cotton Black T-Shirt,699,2023-10-18
Men Solid Turtle Neck Poly Cotton Black T-Shirt,699,2023-10-18
Men Solid Turtle Neck Poly Cotton Black T-Shirt,699,2023-10-18
Men Solid Turtle Neck Poly Cotton Black T-Shirt,699,2023-10-18
Men Solid Turtle Neck Poly Cotton Black T-Shirt,699,2023-10-18
Men Solid Turtle Neck Poly Cotton Black T-Shirt,699,2023-10-18
Men Solid Turtle Neck Poly Cotton Black T-Shirt,699,2023-10-18
Men Solid Turtle Neck Poly Cotton Black T-Shirt,699,2023-10-18
Men Solid Turtle Neck Poly Cotton Black T-Shirt,699,2023-10-18
Men Solid Turtle Neck Poly Cotton Black T-Shirt,699,2023-10-18
Men Solid Turtle Neck Poly Cotton Black T-Shirt,699,2023-10-18
Men Solid Turtle Neck Poly Cotton Black T-Shirt,699,2023-10-18
Men Solid Turtle Neck Poly Cotton Black T-Shirt,699,2023-10-18
Men Solid Turtle Neck Poly Cotton Black T-Shirt,699,2023-10-18
Men Solid Turtle Neck Poly Cotton Black T-Shirt,699,2023-10-18
Men Solid Turtle Neck Poly Cotton Black T-Shirt,699,2023-10-18
Men Solid Turtle Neck Poly Cotton Black T-Shirt,699,2023-10-18
Men Solid Turtle Neck Poly Cotton Black T-Shirt,699,2023-10-18
Men Solid Turtle Neck Poly Cotton Black T-Shirt,699,2023-10-18
Men Solid Turtle Neck Poly Cotton Black T-Shirt,699,2023-10-18
Men Solid Turtle Neck Poly Cotton Black T-Shirt,699,2023-10-18
Men Solid Turtle Neck Poly Cotton Black T-Shirt,699,2023-10-18
Men Solid Turtle Neck Poly Cotton Black T-Shirt,699,2023-10-18
Men Solid Turtle Neck Poly Cotton Black T-Shirt,699,2023-10-18
Men Solid Turtle Neck Poly Cotton Black T-Shirt,699,2023-10-18
Men Solid Turtle Neck Poly Cotton Black T-Shirt,699,2023-10-18
Men Solid Turtle Neck Poly Cotton Black T-Shirt,699,2023-10-18
Men Solid Turtle Neck Poly Cotton Black T-Shirt,699,2023-10-18
Men Solid Turtle Neck Poly Cotton Black T-Shirt,699,2023-10-18
Men Solid Turtle Neck Poly Cotton Black T-Shirt,699,2023-10-18
Men Solid Turtle Neck Poly Cotton Black T-Shirt,699,2023-10-18
Men Solid Turtle Neck Poly Cotton Black T-Shirt,699,2023-10-18
Men Solid Turtle Neck Poly Cotton Black T-Shirt,699,2023-10-18
Men Solid Turtle Neck Poly Cotton Black T-Shirt,699,2023-10-18
Men Solid Turtle Neck Poly Cotton Black T-Shirt,699,2023-10-18
Men Solid Turtle Neck Poly Cotton Black T-Shirt,699,2023-10-18
Men Solid Turtle Neck Poly Cotton Black T-Shirt,699,2023-10-18
Men Solid Turtle Neck Poly Cotton Black T-Shirt,699,2023-10-18
Men Solid Turtle Neck Poly Cotton Black T-Shirt,699,2023-10-18
Men Solid Turtle Neck Poly Cotton Black T-Shirt,699,2023-10-18
Men Solid Turtle Neck Poly Cotton Black T-Shirt,699,2023-10-18
Men Solid Turtle Neck Poly Cotton Black T-Shirt,699,2023-10-18
Men Solid Turtle Neck Poly Cotton Black T-Shirt,699,2023-10-18
Men Solid Turtle Neck Poly Cotton Black T-Shirt,699,2023-10-18
Men Solid Turtle Neck Poly Cotton Black T-Shirt,699,2023-10-18
Men Solid Turtle Neck Poly Cotton Black T-Shirt,699,2023-10-18
