Emails,Ph No,Date
nAstw@outlook.com,+91-9328007805,04-06-2000
Au2LGKWdGY@gmail.com,+91-7050038054,07-08-2030
0nasoeaaw4@gmail.com,+91-7325144231,27-11-2030
czoyzVFpja@outlook.com,+91-8610638284,27-11-2004
9XFRwx4@outlook.com,+91-8858221596,30-08-2028
CU57VTn8h@outlook.com,+91-7035921276,30-01-2020
tx0f3Jcv@gmail.com,+91-9843513027,03-03-2007
lpNiviwTNM@outlook.com,+91-7031644384,20-07-2003
PmxkL@outlook.com,+91-9673962500,29-01-2024
py0UK@outlook.com,+91-7238584311,22-11-2009
vAL0L@gmail.com,+91-7365402497,02-01-2005
iToQn@hotmail.com,+91-8873583904,04-10-2030
X604SE@gmail.com,+91-9512045269,28-03-2007
QIWKlGik8i@outlook.com,+91-8082730318,03-01-2004
gmWbz9EUh5@outlook.com,+91-8099507951,29-04-2027
SHWXFxL7S@hotmail.com,+91-9588056931,02-02-2012
TXj8O7fj@yahoo.com,+91-8269262531,10-07-2001
1gcFW3UgXX@hotmail.com,+91-9715654185,25-06-2024
sZBSRYY7m@outlook.com,+91-9277495006,05-11-2007
ifxiWMlmX@hotmail.com,+91-9648363060,19-09-2000
jxpTu@gmail.com,+91-9417713649,27-04-2001
19Qdc77Ynj@yahoo.com,+91-8488671196,15-11-2011
VOSfbvF@outlook.com,+91-8190815664,16-04-2022
8yKXe@gmail.com,+91-7454790811,26-11-2019
Due8G@outlook.com,+91-8262323505,09-01-2021
OucwwY@outlook.com,+91-8017866448,17-05-2003
3TYW5BzK@outlook.com,+91-8849004676,07-02-2005
ZDLZmB@yahoo.com,+91-9900313046,13-03-2018
ODXACm@outlook.com,+91-7658552582,21-08-2010
sqR2II@gmail.com,+91-9333856056,12-05-2011
6aYiKy@gmail.com,+91-7202523823,05-02-2000
XnpmaOYjp7@yahoo.com,+91-8919315839,02-09-2030
3scvKTekL2@outlook.com,+91-8698336675,25-07-2012
wMa0sn2@outlook.com,+91-8249799195,20-01-2003
Digt5Q@gmail.com,+91-7090591031,21-03-2025
2Ks4bT@gmail.com,+91-8946470254,29-10-2006
IMvNl7iMO@yahoo.com,+91-9017689458,22-07-2023
SBeUE@gmail.com,+91-7056280066,30-09-2023
T182TgDc@yahoo.com,+91-8303984365,03-03-2001
Ta5T26B@gmail.com,+91-8784598815,13-09-2008
4amMLRsBY@gmail.com,+91-7901957980,12-06-2003
F6dyUvcE8v@yahoo.com,+91-9539763461,11-03-2025
nGa3Zsr1@gmail.com,+91-7238986861,27-11-2029
mbzdr@outlook.com,+91-9186034821,05-10-2020
lSYLayiZ4@outlook.com,+91-8728318334,17-10-2000
tILMc3xA@gmail.com,+91-9893273414,28-05-2015
UYXpMW0lu@gmail.com,+91-7552522582,14-07-2002
3N3J74MNM@hotmail.com,+91-7501596026,03-01-2011
UG8Ky5Q5@hotmail.com,+91-7449062201,15-02-2008
QqJiV@hotmail.com,+91-9995808361,07-05-2013
